molid,b_cs,b_cl,b_cw,b_bs,b_bl,b_bw,RS,CS,AS
5034,0.9204545454549999,338,-0.011622084129307,0.941176470588,349,-0.058601893602064,-1.933125,0.8577981651376151,0.9085648148148148
448008,informer,informer,informer,0.865168539326,266,-0.10689147147928897,-2.021875,0.75,0.8769470404984421
449054,0.896551724138,299,-0.012339498276807996,0.845238095238,200,-0.13010069686386802,0.075,0.848039215686274,0.904589371980676
453216,0.9204545454549999,337,-0.015955100540986998,0.883720930233,312,-0.088943205380424,-5.365625,0.932314410480349,0.946476964769648
579429,0.898876404494,304,-0.02904895509073,0.911764705882,337,-0.068287590216913,-0.57375,0.944444444444444,0.954282407407407
599038,0.853658536585,162,-0.013236805332896997,0.61038961039,17,-0.190448443013226,-15.35938,0.941729323308271,0.952121212121212
766948,0.8777777777779999,245,-0.032195176030239,0.871287128713,237,-0.08249477866059499,0.16875,0.927906976744186,0.943971631205674
766949,informer,informer,informer,0.873786407767,245,-0.08389673544555501,-0.845625,0.9272300469483572,0.943490701001431
5329404,0.910256410256,327,-0.011955772091529003,0.853333333333,222,-0.11378434335398496,-2.3225,0.93921568627451,0.9508706467661692
5329489,0.864077669903,201,-0.017349079113465,0.865384615385,229,-0.12375125191795203,-3.130625,0.953592814371258,0.9610453648915191
5329801,0.864197530864,203,-0.013953923062299999,0.8709677419349999,233,-0.12046653765854505,-1.22,0.914835164835165,0.9354575163398692
5329802,0.835443037975,97,-0.016028288485557,0.858695652174,177,-0.12891357496480998,0.71375,0.942379182156134,0.952637889688249
5329829,0.82,62,-0.018367567410029,informer,informer,informer,informer,0.864035087719298,informer
5329831,0.854368932039,166,-0.018945252853357,0.7979797979800001,82,-0.165866083508218,-3.285625,0.872950819672131,0.913943355119826
5329849,0.8928571428569999,289,-0.013796041087191003,0.8101265822779999,96,-0.143900434973256,-6.571875,0.9138888888888892,0.9348184818481852
5329850,0.8953488372089999,297,-0.013461512688536001,0.8571428571430001,242,-0.11919228393356897,-2.940625,0.914364640883978,0.935139573070608
5329853,0.83950617284,113,-0.015305293246241004,0.8414634146340001,176,-0.14972298326464994,-2.09,0.772058823529412,0.8834808259587019
5329854,informer,informer,informer,0.845238095238,202,-0.13526075763170803,-0.096875,0.947811447811448,0.956401766004415
5329855,0.813186813187,51,-0.016706015037598,0.8691588785050001,227,-0.12101879288111601,-0.966875,0.9375,0.9497455470737908
5329857,0.8279569892470001,79,-0.016320700210937997,0.854166666667,230,-0.131218958835355,-2.219375,0.8402061855670101,0.901002506265664
5329860,0.8279569892470001,80,-0.016036590586228,0.854166666667,232,-0.13395414204804001,-0.666875,0.796052631578947,0.889355742296919
5329861,0.829787234043,84,-0.017030140868737997,0.8556701030930001,239,-0.12873157622307196,-3.69875,0.841836734693878,0.901741293532338
5329868,0.8210526315790001,68,-0.018695000000000996,0.863636363636,201,-0.125926294665802,-2.923125,0.91340782122905,0.934494195688226
5329875,0.824742268041,75,-0.017271849859975996,0.85,167,-0.13621474085555801,-0.87125,0.942164179104478,0.9524669073405542
5482344,0.848101265823,148,-0.014180245971420001,informer,informer,informer,13.0,informer,0.8308080808080809
5793317,0.924731182796,345,-0.011046365449877003,0.8901098901100001,330,-0.102249649346715,1.45,0.935146443514644,0.948567708333333
6518526,0.8043478260870001,36,-0.016275770618306,0.867346938776,275,-0.136679237050991,-2.06875,0.787671232876712,0.7592592592592591
6539046,0.898876404494,305,-0.014184406594136997,0.9,321,-0.097784928664182,-1.638125,0.9452296819787992,0.954908675799087
6539047,informer,informer,informer,0.9130434782610001,348,-0.08462619956302697,-3.73125,0.934042553191489,0.947751322751323
6539049,0.932038834951,349,-0.012710719447175,0.878787878788,308,-0.10470235220941698,-1.35,0.933476394849785,0.947333333333333
6539056,0.918367346939,335,-0.012100648694654,0.9181818181820001,347,-0.09120663657786897,informer,0.9345991561181428,0.9481627296587928
6539075,0.927083333333,348,-0.012084138596686,0.905263157895,344,-0.08520379280701201,-0.999375,0.936213991769547,0.948966408268734
6539081,0.88,252,-0.016088127729883002,0.8938053097349999,301,-0.098322802698746,informer,informer,informer
6539085,0.8878504672900001,282,-0.01425739021197,0.888888888889,328,-0.10390036500954501,-7.715,0.935684647302905,0.948767833981842
6539086,0.878504672897,246,-0.014961443539943005,0.8691588785050001,288,-0.11784551213293398,-4.02,0.935416666666667,0.727564102564103
6539087,0.893203883495,290,-0.016630066437891,0.894230769231,327,-0.10514100802554402,-7.213125,0.935950413223141,0.7314814814814808
6539089,0.8823529411759999,268,-0.015539028023313,0.894230769231,309,-0.10566732512390106,-1.725,0.945993031358885,0.741666666666667
6539093,0.904255319149,317,-0.011427464374602996,0.893617021277,334,-0.10075090753751298,0.845625,0.934873949579832,0.948366013071895
6539097,0.924731182796,346,-0.011821699679407003,0.902173913043,340,-0.097164065118016,-1.401875,0.905487804878049,0.930701754385965
6539099,0.925531914894,347,-0.012188110129500994,0.903225806452,342,-0.09342183701129897,-1.660625,0.904907975460123,0.930335097001764
6539107,0.9072164948450001,321,-0.012610273680243998,informer,informer,informer,-4.596875,informer,0.7233333333333329
6539108,0.9072164948450001,322,-0.012629504342806994,informer,informer,informer,-6.199375,informer,0.53125
6539361,informer,informer,informer,0.44117647058799997,2,-0.37524050767995504,-5.6625,0.85377358490566,0.4861111111111111
6539364,0.89247311828,288,-0.011700415226403,0.44776119403000003,4,-0.346342999559229,-1.9025,0.9406130268199228,0.8357142857142859
6539369,0.9072164948450001,323,-0.011126221353176995,0.426470588235,0,-0.351299929274538,-5.818125,0.94106463878327,0.575
6539382,0.814432989691,52,-0.015235554456889002,0.53164556962,12,-0.308291446679461,-0.423125,0.846534653465347,0.9038929440389292
6539385,0.8105263157889999,43,-0.015343580391491004,0.538461538462,16,-0.31058286289691006,-4.09375,0.941509433962264,0.9519464720194648
6539390,0.7959183673469999,30,-0.014669571415565,0.583333333333,28,-0.29491682417963205,-1.8775,0.8652173913043479,0.911633109619687
6539397,0.8453608247419999,137,-0.015011900016524003,0.5324675324679999,14,-0.29680057600484,-0.435625,0.873983739837398,0.914502164502164
6539409,0.895238095238,296,-0.013473639890589001,0.607142857143,32,-0.254486344622266,2.0,0.38888888888888895,0.4166666666666671
6539411,0.8061224489800001,39,-0.01585316808139,0.595238095238,30,-0.27588444913135707,-1.4125,0.4464285714285711,0.778455284552846
6539412,0.8367346938779999,102,-0.015058514263259002,0.614457831325,34,-0.265858532661792,-3.719375,0.947098976109215,0.9561111111111108
6539413,0.787878787879,26,-0.015647135332021,0.542168674699,18,-0.294207720681342,-0.925,0.86864406779661,0.91280353200883
6539414,0.854368932039,167,-0.013093203242038002,0.616279069767,36,-0.264894036958212,-0.78625,0.4666666666666671,0.661458333333333
6539417,0.86,186,-0.014508769822696003,0.58024691358,24,-0.26500493357399496,-0.87375,0.867521367521368,0.912222222222222
6539418,0.8666666666670001,212,-0.013204838092471,0.5714285714289999,22,-0.27096133012330903,-6.6525,0.850961538461538,0.9059523809523812
6539422,0.8691588785050001,218,-0.012511546189940999,0.581395348837,26,-0.26469776028005704,-0.524375,0.621212121212121,0.837962962962963
6539424,0.895833333333,298,-0.012182848778190002,0.6625,42,-0.22683331294927406,-0.965625,0.870833333333333,0.787878787878788
6539430,0.8367346938779999,103,-0.014813734111319999,0.662790697674,44,-0.230596702028937,-2.324375,0.4,0.590909090909091
6539439,0.8679245283020001,216,-0.012849416747707003,0.655555555556,40,-0.226574460529526,-2.106875,0.861607142857143,0.910430839002268
6539440,0.875,240,-0.014693974583876999,0.717647058824,50,-0.20285697033689498,-3.4175,0.3,0.38888888888888895
6539451,0.923076923077,344,-0.012023762354137003,0.910112359551,333,-0.084422693819024,-4.83,0.939922480620155,0.951234567901235
6539453,0.85,152,-0.014600942460307001,0.8928571428569999,305,-0.10749629439876802,-6.86375,0.741666666666667,0.874603174603175
6539466,0.896551724138,301,-0.014553007072205002,0.872093023256,296,-0.10472798637203998,-3.67375,0.765151515151515,0.881381381381381
6539478,0.898876404494,306,-0.014338259434102,0.875,300,-0.10022859367081902,-0.824375,0.7578125,0.879204892966361
6539482,0.894117647059,291,-0.014231784922868997,0.8953488372089999,313,-0.09823926622094104,-2.824375,0.7539682539682541,0.878086419753086
6539487,0.9148936170209999,332,-0.012782697937226004,0.915094339623,343,-0.08113824387307506,-1.433125,0.940384615384615,0.951593137254902
6539502,0.922222222222,342,-0.015019255218227,0.886363636364,322,-0.09420529806227002,0.78125,0.761538461538461,0.88030303030303
6539521,0.922222222222,343,-0.012215928167905999,0.886363636364,324,-0.086252420791361,-1.295,0.745901639344262,0.875786163522013
6539522,0.863636363636,199,-0.014167941073297,0.865168539326,270,-0.11707617295256201,-2.58,0.94015444015444,0.951414514145141
6539567,0.83908045977,112,-0.018413278284568,0.879120879121,299,-0.11307086978383402,-0.990625,0.9458041958041958,0.955367231638418
6539574,0.8804347826090001,258,-0.016796871823415993,0.8695652173909999,290,-0.10787974896915603,-17.795,0.9308035714285708,0.94536652835408
6539584,0.865979381443,209,-0.016641811367994003,0.8064516129029999,92,-0.140017950728752,-5.17625,0.9311111111111108,0.945592286501377
6539592,0.865168539326,205,-0.016940605359777997,0.85393258427,228,-0.11708749998766602,-1.98875,0.66304347826087,0.855311355311355
6539593,informer,informer,informer,0.873563218391,293,-0.10743227720995897,-1.4025,0.945035460992908,0.95475372279496
6539597,0.8666666666670001,213,-0.017899897617629,0.89247311828,332,-0.09296522067631,-0.90625,0.683673469387755,0.8599290780141841
6539598,0.846153846154,142,-0.019055563312432,0.8842105263160001,314,-0.10057848703744596,0.49,0.945422535211268,0.955062571103527
6539599,0.86170212766,188,-0.018582733387885,0.863157894737,262,-0.10929328027630901,0.801875,0.677083333333333,0.8584229390681
6539600,0.8695652173909999,220,-0.017918246474392,0.858695652174,250,-0.108124487951821,-1.55625,0.6702127659574469,0.856884057971015
6539603,0.8695652173909999,221,-0.019684067525834,0.8709677419349999,294,-0.10364290098469002,-1.245625,0.93141592920354,0.945816186556927
6539607,0.858823529412,182,-0.020903448912073002,0.873563218391,298,-0.10111024472374898,-3.4725,0.9465517241379308,0.955816554809843
6539611,0.8723404255320001,228,-0.016155700647437994,0.8369565217389999,164,-0.131920628245838,-1.1675,0.9456140350877192,0.955215419501134
6539617,0.9010989010989999,310,-0.015834384013731002,0.8777777777779999,304,-0.10604336136872701,1.318125,0.696078431372549,0.8628472222222221
6539620,0.887640449438,278,-0.015939951086498004,0.876404494382,302,-0.109440085823276,-1.545,0.69,0.8614035087719301
6539751,0.865168539326,206,-0.017312501650987997,0.840909090909,174,-0.13050259292551603,-1.65875,0.845,0.9031862745098042
6603857,0.8453608247419999,138,-0.015685683665898002,0.8105263157889999,98,-0.15330693468730805,-0.6925,0.375,0.738505747126437
9604911,0.8421052631579999,126,-0.015947564217384004,0.84375,188,-0.15063579614444103,-3.005625,0.938976377952756,informer
9604912,0.854166666667,164,-0.016729983178662,0.867346938776,282,-0.13100087745732,-2.570625,0.917989417989418,0.937598736176935
9604915,0.8152173913040001,54,-0.015913696748473996,0.865979381443,280,-0.13193043537517296,-2.270625,0.9157608695652172,0.936084142394822
9604922,0.833333333333,93,-0.015713786573826,0.835051546392,152,-0.15245361885555603,0.35,0.955459770114943,0.962164750957854
9604926,0.872549019608,230,-0.015458791193837999,0.84,172,-0.14375264743534902,-3.0325,0.955331412103746,0.962055715658021
9604940,0.8369565217389999,105,-0.014814848183879004,0.8387096774189999,170,-0.15269256154830302,-1.3925,0.938735177865613,0.950686641697878
9604943,0.829787234043,85,-0.016966618519164,0.84375,190,-0.15368841839608402,-2.69625,0.954941860465116,0.9618357487922712
9604948,0.8367346938779999,104,-0.015522972091562998,0.8613861386139999,258,-0.14293516085869304,-2.405,0.955202312138728,0.9619460500963392
9604958,0.8404255319149999,117,-0.014973687079747004,0.8421052631579999,184,-0.154836658670372,-2.21125,0.9384920634920628,0.950501253132832
9604970,0.8421052631579999,127,-0.016643602155350004,0.861111111111,187,-0.133718136924779,0.845,0.9476351351351352,0.9562569213732
9800117,0.876288659794,241,-0.013980645866420002,0.829787234043,140,-0.13072541638386298,-2.9275,0.9367346938775508,0.949358974358974
9822610,0.8723404255320001,229,-0.013253562813863995,informer,informer,informer,-3.145625,0.95016077170418,0.7547619047619051
9826308,informer,informer,informer,0.8165137614679999,57,-0.14735253889884004,-0.53,0.9528875379939208,0.960341365461847
9827373,0.81914893617,61,-0.015915240637478,0.891089108911,323,-0.10556912016690798,-0.481875,0.7753623188405799,0.8845029239766079
9857146,0.865853658537,208,-0.017244326448043003,0.867469879518,279,-0.11383961751684199,-6.07375,0.95141065830721,0.959236326109391
9858084,0.879518072289,248,-0.016625941971966998,0.853658536585,224,-0.121477943562921,-2.33625,0.943430656934307,0.9534746760895172
9858662,0.9213483146070001,340,-0.012646082038059,0.8977272727269999,336,-0.08610037928626199,1.1975,0.8109756097560981,0.894666666666667
9873849,0.8595041322310001,183,-0.021517139003095993,0.860655737705,207,-0.12293303944026299,0.745,0.943840579710145,0.9538011695906428
9885504,0.879120879121,247,-0.015347273266248997,0.8681318681319999,284,-0.10259070633936801,1.484375,0.7327586206896551,0.872168284789644
9890357,0.841584158416,123,-0.017938086132797997,0.865384615385,274,-0.11778392241971203,-6.085,0.938,0.9501262626262628
9901444,0.912087912088,330,-0.013921083894226,0.9010989010989999,338,-0.09082012729449204,-1.616875,0.8132530120481931,0.895502645502645
9901964,informer,informer,informer,0.845238095238,204,-0.138898725783852,-2.9225,0.9153005464480872,0.935772357723577
9910722,informer,informer,informer,0.851063829787,216,-0.114783995263937,-3.3425,0.933189655172414,0.9471218206157972
9917474,0.862068965517,189,-0.020443297841468,0.858267716535,171,-0.11786863179871399,-0.315625,0.6129032258064521,0.8320895522388059
9922527,0.867469879518,215,-0.014120872654706997,0.869047619048,285,-0.114917226428457,-1.620625,0.8434343434343431,0.9024691358024692
9926067,0.910112359551,326,-0.013106675949492996,0.860465116279,254,-0.10551263323099998,-3.133125,0.8086419753086421,0.8938172043010749
9927432,0.863636363636,200,-0.015307476039434002,0.8777777777779999,306,-0.10545670130016699,informer,0.9282407407407408,informer
9944269,0.903225806452,315,-0.013557102261642003,0.8804347826090001,310,-0.09936579232245196,-1.795,0.80625,0.892953929539295
9947709,0.844444444444,133,-0.015076785704853997,0.820224719101,114,-0.13912991811760397,0.669375,0.9077380952380948,0.93213058419244
9951300,0.8842105263160001,275,-0.015061311323345997,0.844660194175,123,-0.128345155597016,-1.61875,0.932608695652174,0.946693657219973
10113568,0.8453608247419999,136,-0.020031593718254005,0.8425925925929999,109,-0.14438883215272363,1.290625,0.9298642533936652,0.944909344490934
10125875,0.902173913043,313,-0.011797403938910003,0.56338028169,20,-0.28310629708859997,-1.9325,0.952599388379205,0.96010101010101
10133732,0.9019607843140001,311,-0.013829337679722997,0.7978723404260001,78,-0.14060650834853294,-0.938125,0.8663793103448281,0.781746031746032
10158653,0.8404255319149999,115,-0.020609444812168004,0.859813084112,181,-0.11113700347045902,-4.876875,0.933760683760684,0.9475431606905708
10160775,0.8571428571430001,170,-0.021379957805883996,0.8425925925929999,111,-0.12641487906737003,-1.16125,0.929545454545455,0.9446778711484592
10171618,0.881720430108,261,-0.011728053089436998,0.670886075949,48,-0.217116218063404,-1.42875,0.954545454545455,0.961613216715258
10173796,0.841584158416,122,-0.013453885162790998,informer,informer,informer,-66.5349,informer,informer
10193464,0.92,336,-0.008943536143594,0.6375,38,-0.21988916764128605,-1.915625,0.9518633540372672,0.95948717948718
10193482,0.909090909091,325,-0.010512629213268995,0.527027027027,10,-0.29574891931440006,-2.814375,0.9546783625730992,0.96172480620155
10200651,0.8877551020409999,279,-0.020831865580748003,0.8807339449539999,265,-0.10589323526058504,-1.14875,0.934322033898305,0.947957839262187
10215776,0.875,236,-0.011883398051064998,0.486111111111,6,-0.32578817609058003,-3.309375,0.859090909090909,0.909195402298851
10236195,0.860465116279,187,-0.014336091161605998,0.62962962963,23,-0.183647628999372,-5.93,0.9467353951890028,0.955964325529543
10272700,0.826530612245,76,-0.019089832062805998,0.828282828283,136,-0.14707020429342393,-4.0175,0.908823529411765,0.8252688172043009
10286242,0.863636363636,197,-0.013156571477698,0.492537313433,8,-0.321599063212319,-0.659375,0.947986577181208,0.9565456545654571
10294883,0.875,237,-0.013686113363859997,0.8279569892470001,134,-0.13277667295206694,-1.361875,0.9205128205128208,0.939324116743472
10295475,0.8842105263160001,271,-0.019697419589836,0.877358490566,253,-0.09183301464598498,-0.171875,0.944839857651246,0.9545977011494252
10308522,0.9072164948450001,319,-0.012932284503063994,informer,informer,informer,-13.78125,informer,0.33333333333333304
10321190,0.883495145631,270,-0.013391862470206,0.851485148515,218,-0.122995207880251,-11.75062,0.947278911564626,0.8400900900900901
10469531,0.8804347826090001,253,-0.018267527475524997,0.8571428571430001,240,-0.11712030044758998,0.665,0.9520123839009292,0.95961145194274
10475737,0.8842105263160001,272,-0.013758534302671994,0.8241758241760001,124,-0.13218315181848797,-1.01625,0.9557142857142858,0.962380952380952
11155941,0.81914893617,60,-0.015641406744466003,0.8210526315790001,116,-0.15829378699345698,,0.954005934718101,0.9613880742913
11163861,0.844444444444,132,-0.013812533976119,informer,informer,informer,-8.69375,informer,0.45
11231939,0.8414634146340001,121,-0.014836243938797997,0.8705882352940001,292,-0.11777852863396297,-0.941875,0.8197674418604649,0.897932816537468
11233873,0.8877551020409999,280,-0.018114935264407998,0.8421052631579999,182,-0.12537238838664802,-6.0,0.943636363636364,0.953638497652582
11244488,0.80487804878,37,-0.016895591901735,0.821428571429,118,-0.14312575213259798,-0.2175,0.81547619047619,0.8963254593175849
11247002,0.9,308,-0.015932915628708997,0.8556701030930001,238,-0.11194334712291698,-15.03437,0.94280442804428,0.95297619047619
11269477,0.87,222,-0.018288596681086,0.8484848484849999,212,-0.122886494328471,-17.12875,0.947457627118644,0.747395833333333
11273032,0.820512820513,64,-0.020346177137047,0.847328244275,125,-0.13085460030403698,-1.996875,0.646341463414634,0.8483935742971891
11281930,0.863157894737,194,-0.016425465178090997,0.87962962963,257,-0.10887331352747702,informer,0.929223744292237,0.834541062801932
11284937,0.8278688524590001,78,-0.019012502073829998,0.848,147,-0.1287616634403,-2.758125,0.638157894736842,0.845833333333333
11290221,0.873563218391,231,-0.017238396833915,0.862068965517,260,-0.11810883371063201,-3.1875,0.9408396946564892,0.836854460093897
11307581,0.8220338983050001,69,-0.019952970813288,0.8484848484849999,135,-0.12971117295518197,-1.079375,0.641025641025641,0.8467078189300409
11328632,0.782608695652,23,-0.016371626288719,0.7717391304350001,60,-0.18023656614894695,informer,0.95414201183432,0.8492063492063491
11392350,0.9111111111110001,328,-0.014580983755606994,0.8352941176469999,154,-0.12469882047325404,-1.70375,0.8176470588235291,0.897135416666667
11453116,0.86,185,-0.018309398131099004,0.826530612245,128,-0.131048520003258,-11.54562,0.921717171717172,0.555555555555556
11473228,0.865168539326,204,-0.015488375004595996,0.85393258427,226,-0.119823356965962,-3.3925,0.9419475655430708,0.952294685990338
11502866,0.84693877551,145,-0.017738985688941,0.86,209,-0.12242029468868802,-2.415625,0.943014705882353,0.953143534994069
11569498,0.858490566038,176,-0.018522979995498,0.826923076923,130,-0.13467553398953097,-6.558125,0.95125786163522,0.9591097308488608
11604319,0.8877551020409999,281,-0.013120656322612001,0.829787234043,138,-0.13168082195762398,-2.234375,0.916216216216216,0.936392914653784
11605761,0.820754716981,67,-0.020022731364338,0.85,139,-0.12708659220693103,-0.44375,0.919689119170985,0.938759689922481
11617559,0.765432098765,21,-0.016342277120914,0.87,231,-0.109574384823061,-1.291875,0.931718061674009,0.94603825136612
11626927,0.486842105263,14,-0.026258729890321,0.8571428571430001,169,-0.10520327766036097,informer,informer,0.8390410958904109
11627264,0.8317757009350001,89,-0.020064642935644996,0.830508474576,89,-0.142260187772139,-3.45,0.916666666666667,0.936698717948718
11640889,0.858490566038,177,-0.017646350661835,0.838095238095,157,-0.13742935361489203,-1.50875,0.943223443223443,0.9533096926713952
11656050,0.817307692308,58,-0.021034145862272993,0.847457627119,129,-0.13234907969840498,-1.018125,0.917112299465241,0.937001594896332
11669455,0.84,114,-0.018018980488334998,0.8584070796459999,173,-0.12234268742697305,-1.436875,0.917553191489362,0.937301587301587
11680113,0.880952380952,259,-0.012818623942101993,0.7558139534880001,43,-0.15385699298979597,-9.18625,0.8564814814814821,0.907925407925408
11717091,0.872093023256,226,-0.014879749275383998,0.860465116279,252,-0.12195691993162297,-0.61875,0.919270833333333,0.9384735202492208
11751266,0.873786407767,234,-0.016822357313844002,0.83,142,-0.13124334563047202,informer,0.946917808219178,0.744623655913978
11957417,0.424657534247,11,-0.029036256060450995,0.836363636364,93,-0.11414163834754601,-2.969375,0.924757281553398,0.713768115942029
11959377,0.894230769231,292,-0.011131983316316,0.47619047618999993,7,-0.21058994518097401,-24.67875,0.701923076923077,0.86426116838488
11959682,0.811881188119,47,-0.015412823328129998,0.294871794872,1,-0.26907052256265496,1.0,0.7075471698113209,0.8656462585034008
11959683,0.811881188119,48,-0.015412823328129998,0.294871794872,3,-0.26907052256265496,-70.97562,0.712962962962963,0.8670033670033671
15872388,0.877551020408,243,-0.014143885018204003,0.831578947368,144,-0.13356869770434002,-3.8625,0.9382470119521908,0.950314465408805
15872391,0.903846153846,316,-0.013208210180622999,0.8613861386139999,256,-0.11208787899834004,-1.851875,0.7232142857142858,0.86963696369637
15872400,0.88,249,-0.014057941442555002,0.835051546392,150,-0.13096757137559606,-6.0625,0.718181818181818,0.868333333333333
15872403,0.88679245283,277,-0.012711805590076002,0.844660194175,194,-0.12381702574478999,-5.725625,0.936475409836066,0.9491634491634492
15872404,0.881188118812,260,-0.014483128189688,0.824742268041,126,-0.13471616002340298,-5.981875,0.7280701754385971,0.870915032679739
15872406,0.8105263157889999,42,-0.016304169329242002,0.8367346938779999,160,-0.13401363372191502,-1.585,0.946180555555556,0.955518018018018
15872407,0.854368932039,165,-0.015397474166263001,0.7979797979800001,80,-0.14933870866918297,-2.894375,0.937751004016064,0.9499366286438532
15872408,0.892156862745,286,-0.013510682858002006,0.8484848484849999,214,-0.11790568908210505,-1.216875,0.7847222222222221,0.8874643874643872
15872409,0.885714285714,276,-0.013709138435020998,0.854368932039,234,-0.117582106243956,-1.894375,0.94636678200692,0.955667789001122
16048194,0.8488372093019999,150,-0.026660390118671003,0.868686868687,221,-0.10867157343097403,-0.513125,0.9254807692307688,0.942251461988304
16048303,informer,informer,informer,0.885416666667,283,-0.09305424649518494,-2.293125,0.92654028436019,0.943001443001443
16048415,0.835443037975,96,-0.033499880968875,0.858695652174,175,-0.10143443286356198,-3.004375,0.9258373205741628,0.9425036390101892
16051023,0.619565217391,19,-0.022685881403933003,0.852459016393,141,-0.12543898094996497,-1.784375,0.833333333333333,0.775
16099859,0.836363636364,98,-0.018267343998698997,0.644230769231,25,-0.199105170995124,-40.24062,0.9243902439024392,0.941740412979351
16219401,0.8777777777779999,244,-0.012940891286947004,0.827586206897,132,-0.137247162812486,-0.1975,0.73728813559322,0.8733974358974358
16236469,0.917525773196,334,-0.020580732966695,0.917431192661,345,-0.05837025591241801,,0.8759999999999999,0.9155982905982908
16664858,0.871287128713,224,-0.028456848902961997,0.866071428571,215,-0.11277468539448299,-3.3625,0.92688679245283,0.943247126436782
17892742,0.88,250,-0.014787539802232998,0.670588235294,46,-0.210995364660118,-12.54875,0.939453125,0.511904761904762
18536613,0.8823529411759999,265,-0.013078837052085004,0.8383838383840001,168,-0.127188159054688,-3.54875,0.9372469635627528,0.7351190476190479
18536627,0.9019607843140001,312,-0.012725812639743,0.858585858586,246,-0.109457094950614,-4.164375,0.9369918699186992,0.949553001277139
21701565,0.7951807228919999,29,-0.01769777770336,0.865168539326,264,-0.124023050776328,-3.18,0.5,0.7960992907801421
21951965,0.810810810811,44,-0.023461649711251,0.801801801802,88,-0.147662719462281,-1.6375,0.9209183673469392,0.93960244648318
22464113,0.882978723404,269,-0.014143805792525003,0.7816091954019999,68,-0.148169668966585,-3.883125,0.955587392550143,0.962273161413563
22464120,0.8804347826090001,254,-0.014833156437126,0.844444444444,192,-0.12473365080072199,-5.25,0.8697478991596641,0.7848837209302328
22609796,0.851063829787,153,-0.018185871526300003,0.864583333333,259,-0.12497315077684902,-0.086875,0.6171875,0.833333333333333
22727427,0.867346938776,214,-0.015759253162126,0.833333333333,146,-0.138756990031339,-1.846875,0.653409090909091,0.8515325670498081
23646936,0.847826086957,147,-0.018731985191377996,0.833333333333,91,-0.14837317136760203,-0.683125,0.9442446043165472,0.954123112659698
23646938,0.8387096774189999,109,-0.020798659016014003,0.8252427184469999,71,-0.15656447683087799,-2.996875,informer,informer
24180608,0.852631578947,158,-0.014662006701905,0.877551020408,295,-0.11178659478584796,-3.289375,0.9285714285714292,0.9442090395480228
24856364,0.865384615385,207,-0.017980370305321,0.8217821782179999,120,-0.14088848804608606,-0.7075,0.949180327868852,0.95752688172043
24896610,0.863157894737,195,-0.019128878006918995,0.775280898876,66,-0.165583832601096,-4.6125,0.93018018018018,0.71875
24949545,0.843137254902,130,-0.015957271859622,0.7731958762890001,62,-0.17306217981671496,-3.674375,0.838541666666667,0.9002525252525251
25023715,0.888888888889,283,-0.014151203301208,0.7052631578949999,33,-0.13876222323685003,informer,0.952307692307692,informer
25093474,0.8426966292129999,129,-0.019937297485393003,0.862745098039,191,-0.109354533467,-3.1425,0.930493273542601,0.9451388888888892
25190921,0.8842105263160001,273,-0.024348756719623,0.877358490566,255,-0.10520728726131598,-0.964375,0.92512077294686,0.941997063142438
25190924,0.75,20,-0.028298007020577,0.8804347826090001,263,-0.09633731871161497,-3.30625,0.926190476190476,0.942753623188406
25190926,0.837209302326,106,-0.021932512627968997,0.9029126213590001,325,-0.08068012373976102,-3.453125,0.9329004329004328,0.946908602150538
25210971,0.787037037037,24,-0.018807924369755,0.810810810811,100,-0.14587630235877697,-1.2425,0.25,0.8411111111111109
25210972,0.801801801802,34,-0.016892047078942,0.844827586207,196,-0.128739703234379,-8.911875,0.25,0.752450980392157
25211574,0.8113207547169999,46,-0.019280678316663996,0.860655737705,185,-0.12295805455543901,informer,0.25,informer
25218571,0.8157894736839999,55,-0.018547225525898006,0.837606837607,166,-0.137761734789424,-3.903125,0.648809523809524,0.960696517412935
25218573,0.81308411215,50,-0.018548805157079004,0.852459016393,143,-0.12448319992546601,0.12375,0.948333333333333,0.956971677559913
25218584,0.820512820513,65,-0.018763852120838004,0.8416666666670001,180,-0.13288527322894395,informer,0.635135135135135,0.959857723577236
25218593,0.846846846847,143,-0.018910371749298,0.844262295082,117,-0.133651714436484,informer,0.4166666666666671,0.604166666666667
25218600,0.8,33,-0.019446153898514996,informer,informer,informer,13.0,informer,informer
25218601,0.794392523364,28,-0.019788079101251,informer,informer,informer,-11.96875,informer,informer
25218614,informer,informer,informer,informer,informer,informer,18.0,informer,0.25
25218621,0.84347826087,131,-0.016975885554380996,0.844827586207,198,-0.13073408833531094,-4.235,0.409090909090909,0.75
25263078,0.43661971831,13,-0.030337343594004994,0.8301886792450001,85,-0.134538861610989,-0.245625,0.953030303030303,0.960460460460461
25263083,0.41176470588200004,9,-0.029505697115935,0.847619047619,131,-0.11169232408151303,-2.838125,0.953731343283582,0.961160275319567
25263087,0.366197183099,7,-0.031108427935372995,0.827272727273,77,-0.12585608456965597,0.81,0.950320512820513,0.958333333333333
25263088,0.366197183099,8,-0.031636173260557995,0.827272727273,79,-0.12630689643974197,-2.715,0.9506369426751592,0.958595387840671
25263092,0.234375,4,-0.035140136305731,0.844036697248,115,-0.113375212399218,-0.173125,0.952743902439024,0.960221550855992
25263099,0.34328358209,6,-0.032543778753137007,0.8190476190479999,61,-0.12169940628436499,-0.043125,0.9488448844884492,0.9573894282632148
25263103,0.328358208955,5,-0.031993293566085,0.8425925925929999,113,-0.11901154669820205,-3.70875,0.950479233226837,0.958464773922187
25263110,0.15873015873,1,-0.037374927212884,0.827272727273,81,-0.150843962237701,-0.4775,0.948675496688742,0.957251082251082
25263114,0.131147540984,0,-0.037376096274394005,0.824074074074,69,-0.14774382780457193,-0.8975,0.948504983388704,0.957111834961998
25263115,0.184615384615,2,-0.03685320806382399,0.8303571428569999,87,-0.14873570950293502,-0.7,0.953869047619048,0.961274509803922
25263116,0.184615384615,3,-0.03552261779039399,0.81981981982,63,-0.145546396752237,-0.005625,0.9507936507936507,0.958725182863114
25263117,0.424657534247,12,-0.029036256060450995,0.836363636364,95,-0.11414163834754601,-3.165625,0.9542772861356932,0.9615009746588692
25263118,0.53164556962,16,-0.026047052372821997,0.837837837838,101,-0.11603676687544896,-1.66875,0.951713395638629,0.84493670886076
25263119,0.41333333333300004,10,-0.029780396947288998,0.8,51,-0.15171040676937,-0.14375,0.954411764705882,0.85
25263120,0.590909090909,17,-0.024013563271187997,0.8290598290600001,83,-0.10948689885053794,0.51875,0.827777777777778,0.767543859649123
25263123,0.511363636364,15,-0.026510281385271003,0.8,55,-0.16256162130480795,-3.623125,0.8296703296703299,0.621794871794872
25263124,0.608695652174,18,-0.023447992588133,0.844262295082,119,-0.12852964607966003,-4.350625,0.831521739130435,0.771367521367521
25263274,0.820512820513,66,-0.020346177137047,0.847328244275,127,-0.13085460030403698,0.858125,0.628571428571429,0.842105263157895
42618163,0.822222222222,70,-0.019353250078727,0.855769230769,165,-0.126884632181119,-1.274375,0.950949367088608,0.958854166666667
42618164,0.8314606741570001,87,-0.019812203846296,0.864077669903,203,-0.12638014386656904,-1.75,0.951104100946372,0.958982346832814
44329036,0.88,251,-0.014906607735560004,0.7444444444439999,52,-0.17110589832647405,-3.266875,0.939688715953307,0.951053283767038
44386338,0.8823529411759999,266,-0.01445252268158,0.909090909091,346,-0.078670805470682,2.0,0.76865671641791,0.8824404761904759
44396990,0.876404494382,242,-0.011866696170695003,0.621951219512,21,-0.19834204127126598,-8.799375,0.86036036036036,0.909817351598174
44397010,informer,informer,informer,0.658536585366,29,-0.18228952514337005,informer,0.8495145631067959,0.9052757793764992
44397032,0.913978494624,331,-0.011271398499618994,0.7741935483869999,47,-0.13944004607682597,-39.8425,0.871900826446281,0.913377192982456
44397147,0.875,238,-0.011423919042481998,0.617283950617,19,-0.197333515130584,-2.7825,0.941287878787879,0.951770451770452
44397201,0.8804347826090001,255,-0.011649371341434995,0.651162790698,27,-0.19473687578682397,-1.585,0.8551401869158879,0.907276995305164
44397250,0.9111111111110001,329,-0.011303699651301995,0.766666666667,45,-0.14424021313226804,informer,0.8523809523809521,0.90661938534279
44397453,0.903225806452,314,-0.012650512215694,0.75,41,-0.13670598316042204,informer,0.86283185840708,0.911036036036036
44397710,0.8695652173909999,219,-0.013057923183267007,0.714285714286,35,-0.16371259434983004,-5.555625,0.912921348314607,0.934166666666667
44410704,0.8190476190479999,59,-0.021057026398045995,0.8487394957979999,137,-0.12757328388564199,-0.21,0.920103092783505,0.939043209876543
44418532,0.855421686747,168,-0.0179271895889,0.886597938144,287,-0.08991281298770598,-3.11125,0.923645320197044,0.941220238095238
44418533,0.8823529411759999,267,-0.015954778405763002,0.897959183673,315,-0.07678346398900703,-1.6475,0.9240196078431372,0.9414814814814808
44418539,informer,informer,informer,0.863157894737,197,-0.113636171954333,-0.24375,0.9221105527638191,0.940151515151515
44418540,0.8375,107,-0.019304127382413997,0.8842105263160001,277,-0.08054656585287201,-1.86375,0.921319796954315,0.939878234398782
44418545,0.858823529412,180,-0.016729927407063,0.865979381443,213,-0.09434164847571597,-2.100625,0.942592592592593,0.952807646356033
44418546,0.831325301205,86,-0.021871586786274003,0.854166666667,151,-0.11508720308361302,-1.301875,0.9440433212996392,0.953962703962704
44418547,0.8705882352940001,223,-0.020812576839300996,0.876288659794,251,-0.10919326882770405,-0.88875,0.932017543859649,0.946258503401361
44418555,0.8571428571430001,171,-0.021120570361152998,0.852631578947,145,-0.11535937350239703,-4.319375,0.9228855721393028,0.9406906906906908
44418556,0.858823529412,181,-0.020150289304141998,0.854166666667,153,-0.11363578968737201,-2.451875,0.9232673267326728,0.940956651718984
44418572,0.888888888889,284,-0.017803782704164006,0.881188118812,269,-0.093229793789644,-1.3725,0.9225,0.940422322775264
44431824,0.881720430108,262,-0.032777535778486,0.8962264150939999,311,-0.07581549211660604,-1.651875,0.927570093457944,0.9437321937321942
44433171,0.858695652174,178,-0.013955627090458996,0.8842105263160001,289,-0.10952555180400897,-1.86375,0.944642857142857,0.9544405997693192
44433173,0.8404255319149999,116,-0.016576645928444003,0.877551020408,267,-0.116308299741048,-7.004375,0.928899082568807,0.944444444444444
44532204,informer,informer,informer,0.858695652174,248,-0.11750211179010397,-1.384375,0.655555555555556,informer
44532523,informer,informer,informer,0.862903225806,195,-0.12158026029456702,1.375625,0.6511627906976739,0.8507751937984499
44536036,0.8484848484849999,149,-0.02017276842658,informer,informer,informer,-0.720625,informer,0.8522727272727271
44571414,0.844827586207,135,-0.020487559495979,0.85593220339,183,-0.12700710845700403,-2.488125,0.631944444444444,0.8430735930735931
44571435,0.844660194175,134,-0.017328141750512997,0.834951456311,148,-0.13168098667323702,-4.30125,0.64375,0.847560975609756
44571449,0.827272727273,77,-0.018918188184347,0.807339449541,94,-0.13908143351319502,-1.02375,0.9490131578947372,0.8440170940170941
44571453,0.852941176471,159,-0.017517392902081,0.854368932039,236,-0.11655799168632103,0.198125,0.952453987730061,0.959979736575481
44578253,0.85393258427,163,-0.018110385531077,0.8804347826090001,303,-0.10564897543106996,-1.678125,0.949675324675325,0.9579339723109692
44578254,0.863636363636,198,-0.018505639203744997,0.881188118812,271,-0.10294072358538897,2.674375,0.9498381877022652,0.958067940552017
44578255,0.8522727272730001,157,-0.018342384143606998,0.879120879121,297,-0.10679405373818401,-0.468125,0.953313253012048,0.960813492063492
44578401,0.8804347826090001,256,-0.018110827917049994,0.881720430108,281,-0.10830975057310997,-0.680625,0.953453453453453,0.960929772502473
44578425,0.8804347826090001,257,-0.018985472848609998,0.881720430108,307,-0.10590334830988496,-2.32,0.953172205438066,0.9605788423153688
44578563,0.873563218391,232,-0.017778461146128,0.90099009901,319,-0.08848779751896399,-0.956875,0.95,0.958201058201058
44578672,0.85,151,-0.019270804195808004,0.8163265306119999,108,-0.14212674186847807,-0.045,0.949346405228758,0.9576634512325832
44581222,0.8317757009350001,90,-0.017260710320007998,0.8113207547169999,102,-0.15105678728794403,-1.9,0.625,0.956688596491228
44581245,0.833333333333,91,-0.017270418762405003,0.824074074074,122,-0.142135745433834,-2.633125,0.42307692307692296,informer
44581765,0.8518518518520001,155,-0.014144385662048998,0.798076923077,84,-0.14575375056367498,-0.28375,0.948160535117057,0.956830601092896
44587530,0.841121495327,120,-0.019036315285437,0.808695652174,53,-0.14984007088987297,-2.033125,0.952160493827161,0.95973496432212
44589696,0.875,239,-0.012287754307143,0.802197802198,73,-0.16170527315694805,-1.37875,0.9515625,0.9593621399176948
44593640,0.863157894737,196,-0.018145602909562998,0.864583333333,261,-0.119863148604217,-0.8525,0.949511400651466,0.957799145299145
53239955,0.8666666666670001,210,-0.015494461152756996,0.915094339623,341,-0.08682312787789605,-2.1075,0.8012820512820509,0.891184573002755
53239967,0.9072164948450001,320,-0.012610273680243998,informer,informer,informer,8.0,informer,informer
53239978,0.8969072164949999,302,-0.014269025082862999,0.909090909091,331,-0.085189884082517,-3.19625,0.793333333333333,0.7635135135135129
53239984,0.794117647059,27,-0.019125148446472,0.8518518518520001,217,-0.12680304419235094,-0.255,0.7816901408450699,0.886494252873563
53239985,0.787878787879,25,-0.019613600257877,0.847619047619,199,-0.13023848219721101,-0.6025,0.7785714285714291,0.885507246376812
53239988,0.824561403509,74,-0.017640171831435,0.7837837837839999,70,-0.16377702575451203,-4.084375,0.25,0.7907407407407409
56603966,0.8521739130429999,156,-0.013921324467921,0.489583333333,11,-0.205792988836916,-58.43312,0.898692810457516,0.926851851851852
56603973,0.808695652174,41,-0.018678504711852,0.790322580645,49,-0.15399660502157198,-2.625625,0.603448275862069,0.828125
56603975,0.8235294117649999,72,-0.021211044340280004,0.823076923077,67,-0.139804879783861,-1.818125,0.556818181818182,0.813636363636364
56603980,0.873786407767,235,-0.015810393780500996,0.8181818181820001,110,-0.13483689794812298,-6.263125,0.8798449612403101,0.917708333333333
56603987,0.8365384615379999,99,-0.016208791900425006,0.792079207921,76,-0.16460940133918203,-0.111875,0.9093567251461993,0.932478632478632
56603995,0.8407079646019999,118,-0.013938874436111002,0.484210526316,9,-0.207822950156716,-60.02688,0.8238636363636359,0.899491094147583
56603997,0.864077669903,202,-0.016103244730892002,0.865384615385,272,-0.11481103214401699,-3.69875,0.907185628742515,0.931778929188256
56604000,0.8365384615379999,100,-0.016935220543256004,0.803921568627,90,-0.15864996883678195,-1.03125,0.908284023668639,0.8237704918032791
56604005,0.838095238095,108,-0.013670146708433,0.516483516484,15,-0.196182649029102,-21.8425,0.8218390804597699,0.8987179487179491
56604006,0.7978723404260001,32,-0.017092741449834997,0.8648648648649999,211,-0.13492771589778604,-0.42875,0.790540540540541,0.8884180790960451
56604013,0.859649122807,184,-0.013251433068970999,0.494736842105,13,-0.205546815374412,-41.5,0.8258426966292142,informer
56604020,0.820224719101,63,-0.016104887937213,0.895833333333,329,-0.10855184611447999,-5.090625,0.955072463768116,0.8537037037037041
56604024,0.828571428571,82,-0.01793848634237,0.817391304348,59,-0.15060962521847998,-3.14,0.906626506024096,0.9314236111111108
56604030,0.8365384615379999,101,-0.020755724338494,0.8490566037739999,159,-0.13432036057036703,-0.52,0.8916083916083921,0.923892100192678
56604034,0.8165137614679999,57,-0.016566258918394,informer,informer,informer,-82.39125,informer,informer
56604044,0.8279569892470001,81,-0.014048013374810996,0.865979381443,276,-0.12619175370413196,-1.2025,0.954810495626822,0.852996254681648
56604049,0.8125,49,-0.017184208130277004,0.821428571429,65,-0.150649574384772,-1.2025,0.3571428571428571,0.695833333333333
56657596,0.895238095238,294,-0.01479204059417,0.885714285714,318,-0.10062364186116302,-1.679375,0.8368421052631579,0.65
56667992,0.908163265306,324,-0.015496915478528998,0.886597938144,326,-0.09816449268222399,-2.4325,0.7987012987012991,0.890277777777778
56667993,0.920792079208,339,-0.013813729478499999,0.865979381443,278,-0.09876697098879297,-1.723125,0.8351063829787231,0.6369047619047621
56681565,0.8989898989899999,307,-0.015974896298459003,0.9009009009010001,317,-0.08887317648634802,0.821875,0.80379746835443,0.8920765027322399
57390087,0.881818181818,264,-0.019883372686312,0.8518518518520001,220,-0.12143792877532097,-1.9575,0.484375,0.793478260869565
57391091,0.862385321101,190,-0.016284803396792,0.78640776699,72,-0.16479571872921,-3.424375,0.8884892086330941,0.922090729783038
57391092,0.8407079646019999,119,-0.020742484337504002,0.788990825688,74,-0.16356436797718898,-0.74625,0.8966666666666671,0.926029962546816
57391093,0.8421052631579999,124,-0.022260130526571005,0.84347826087,186,-0.133800341965175,-2.1325,0.903726708074534,0.929590017825312
57391094,0.8571428571430001,172,-0.023602229647432995,0.868421052632,241,-0.11990390633686501,0.23875,0.572916666666667,0.8172514619883041
57391095,0.8666666666670001,211,-0.022141540659349992,0.8677685950409999,235,-0.11877380909548106,-3.16,0.592592592592593,0.8222222222222221
57391096,0.8058252427179999,38,-0.020883724489479,informer,informer,informer,informer,informer,informer
57391097,0.8387096774189999,110,-0.017530772162299,0.821138211382,97,-0.14969841886663596,1.2,0.598214285714286,0.826719576719577
57391875,0.855769230769,169,-0.012957679472593998,0.409638554217,5,-0.23414876960976405,-38.29375,0.880769230769231,0.918219461697723
57392873,0.846153846154,139,-0.019539676214775998,0.752941176471,56,-0.184272716771093,-3.636875,0.901273885350318,0.805555555555556
57393604,0.9010989010989999,309,-0.017891284735181,0.865168539326,268,-0.11522921387122895,-5.93,0.8816793893129771,0.9187242798353912
57394599,0.868686868687,217,-0.021379155666870008,0.8738738738740001,247,-0.11930296183571099,0.25125,0.8908450704225351,0.9234496124031008
57394600,0.8842105263160001,274,-0.012943143951743,0.8369565217389999,162,-0.12875966680833004,-1.9625,0.9,0.927655677655678
57394601,0.8532110091740001,160,-0.021052591663696996,0.8688524590160001,223,-0.12090650379895398,-1.470625,0.5375,0.809748427672956
57394602,0.7962962962960001,31,-0.024989356338769,0.798165137615,86,-0.15581532341530901,-1.16875,0.9043209876543208,0.929964539007092
57395310,0.846153846154,140,-0.014804955620302998,0.8365384615379999,158,-0.13947892646818305,-1.17375,0.886029411764706,0.921157684630739
57395317,0.834782608696,94,-0.020919901285648,0.8362068965520001,156,-0.13801326634057598,-0.71625,0.8851851851851851,0.920682730923695
57396350,0.8425925925929999,128,-0.022015594602180003,0.8545454545450001,179,-0.13204689005385295,-1.15625,0.8938356164383559,0.680555555555556
57396351,0.8571428571430001,173,-0.021408652281115,0.8738738738740001,249,-0.11817030902615698,-0.819375,0.89527027027027,0.925189393939394
57396352,0.835164835165,95,-0.022721624897353,0.844660194175,121,-0.13104879534237102,-1.84625,0.8959731543624159,0.9256120527306972
57396353,0.822429906542,71,-0.017896547659719,informer,informer,informer,-4.2,0.90251572327044,0.9288288288288292
57398144,0.831683168317,88,-0.015843377558063,0.7731958762890001,64,-0.17164186678447696,-0.4425,0.886861313868613,0.921626984126984
57398145,0.871559633028,225,-0.015825034838641,0.747474747475,54,-0.17889619079827304,-2.753125,0.88768115942029,0.6715686274509799
57398146,0.851239669421,154,-0.017565681512208997,0.689655172414,31,-0.19511787932402402,-44.975,0.8900709219858159,0.923001949317739
57398147,0.833333333333,92,-0.021437180888263997,0.8571428571430001,189,-0.131455204361979,-0.499375,0.8931034482758621,0.9247619047619052
57398148,0.7717391304350001,22,-0.018938393029075996,0.8125,104,-0.164735576782473,-0.621875,0.33333333333333304,0.68859649122807
57398149,0.83908045977,111,-0.020941941431747997,0.756097560976,58,-0.17941322187755301,-0.533125,0.901898734177215,0.9284420289855072
57398150,0.895238095238,295,-0.012609661999859998,0.722772277228,39,-0.13654377806319104,-49.06938,0.903125,0.92921146953405
57398151,0.862385321101,191,-0.022871996434542997,0.8677685950409999,219,-0.12110457489220702,-1.436875,0.526315789473684,0.8076923076923079
57398152,0.8532110091740001,161,-0.020444983436475994,0.8688524590160001,225,-0.12299208662297,0.20375,0.547619047619048,0.8117283950617281
57398153,0.858333333333,175,-0.021309193309412,0.8549618320610001,163,-0.12221181630186097,-1.816875,0.586538461538462,0.8206214689265541
57398154,0.8023255813950001,35,-0.019177947235056995,0.8695652173909999,243,-0.13300886680625704,-0.52875,0.608333333333333,0.8294871794871791
57398861,0.8163265306119999,56,-0.019690506242648002,0.841584158416,133,-0.13561702092154299,0.051875,0.87890625,0.917190775681342
57398866,0.858695652174,179,-0.016614960860016004,0.8842105263160001,291,-0.10756584789723198,-1.745625,0.884328358208955,0.92020202020202
57398867,0.8723404255320001,227,-0.015103742453087994,0.885416666667,316,-0.102842115394701,0.55375,0.8834586466165408,0.919715447154472
57399798,informer,informer,informer,0.8490566037739999,161,-0.14063770063126502,-0.321875,0.8923611111111109,0.9243295019157092
57399799,0.84693877551,146,-0.022497260601600004,0.8545454545450001,155,-0.13301461519939597,-0.800625,0.8973509933774829,0.926443202979516
57399800,0.846846846847,144,-0.018899970494405997,0.848214285714,210,-0.124221821101472,-0.196875,0.565217391304348,0.81547619047619
57399801,0.891089108911,285,-0.013839288051168,0.9130434782610001,339,-0.09451519064955693,-0.054375,0.906060606060606,0.9310645724258292
57399802,0.894736842105,293,-0.013545584195337,0.847826086957,208,-0.11682222218284898,-4.766875,0.910404624277457,0.933164128595601
57399803,0.9157894736839999,333,-0.016160273032247006,0.862745098039,193,-0.09433823719960699,-2.646875,0.910919540229885,0.7023809523809521
57399804,0.896551724138,300,-0.016921419918699998,0.864583333333,205,-0.10463531381127905,-5.0225,0.9114285714285708,0.933501683501683
57399805,0.8981481481479999,303,-0.015608622998984004,0.8679245283020001,273,-0.11769937562575797,-3.8225,0.911931818181818,0.708333333333333
57400541,0.8152173913040001,53,-0.019674830743381992,0.8043478260870001,75,-0.15849495800256896,-0.48,0.876984126984127,0.916135881104034
57400542,0.873563218391,233,-0.015183752833650995,0.911764705882,335,-0.07598988955100702,-0.7875,0.8825757575757579,0.9192229038854808
57400544,0.9069767441859999,318,-0.012990712144402002,0.8414634146340001,178,-0.12639721705042997,-1.574375,0.875,0.91505376344086
57400545,0.811111111111,45,-0.019646280865782,0.813186813187,106,-0.14428443544472697,-2.7525,0.8779527559055121,0.916666666666667
57401572,0.808080808081,40,-0.021731547616825997,0.8407079646019999,107,-0.132481325231058,0.244375,0.894557823129252,0.7986111111111109
57401573,0.892156862745,287,-0.013644430028902001,0.714285714286,37,-0.13613323377013103,-4.586875,0.8993506493506491,0.9272559852670352
57401574,0.881720430108,263,-0.016835945923914,0.846153846154,206,-0.131998390441251,-2.521875,0.513888888888889,0.803333333333333
57401575,0.846153846154,141,-0.018476847804767,0.8691588785050001,286,-0.10990755092639398,0.0675,0.9124293785310732,0.933835845896147
57403316,0.862745098039,193,-0.016027269217763998,0.8181818181820001,112,-0.15212754502623296,-1.566875,0.8892857142857141,0.922549019607843
57403317,0.8235294117649999,73,-0.024074685122555,0.853448275862,149,-0.132262946925205,-2.486875,0.8980263157894741,0.801020408163265
57403318,0.8421052631579999,125,-0.018909051881923003,0.839622641509,105,-0.130725494721293,-1.51,0.9006410256410259,0.928051001821494
57403319,0.8571428571430001,174,-0.019144600554465,0.8584070796459999,244,-0.11895871592351803,-1.40625,0.58,0.818965517241379
57403320,0.922222222222,341,-0.016017463762293002,0.886363636364,320,-0.088351359049793,-0.933125,0.9098837209302328,0.932823129251701
70682205,0.828571428571,83,-0.019442744570533,0.837606837607,99,-0.13154717333523394,-1.366875,0.918421052631579,0.937893081761006
70696859,0.862385321101,192,-0.017634203943512998,0.838983050847,103,-0.13533393602509905,-1.22875,0.9188481675392672,0.938184663536776
